zcr_0,zcr_1,nrg_0,nrg_1,pow_0,pow_1,acr_0,acr_1,amdf_0,amdf_1,cent_0,flx_0,rlf_0,mfcc_0,mfcc_1,mfcc_2,mfcc_3,mfcc_4,mfcc_5,mfcc_6,mfcc_7,mfcc_8,mfcc_9,mfcc_10,mfcc11,mfcc12,chr_0,chr_1,chr_2,chr_3,chr_4,chr_5,chr_6,chr_7,chr_8,chr_9,chr_10,chr_11
0.07004636755,0.067984642666,33.3395831907,33.2297858368,4.5224611515,4.57916658931,0.0325581867096,0.0324509627312,54.0475419772,54.8669523766,0.0501263466563,0.10083920119,0.260499726432,-45.1364443575,4.15188651468,-0.294826396528,1.44551433625,0.108996228324,-0.182122379302,0.522911880464,0.00104632622402,0.0818598804721,-0.0855985505692,-0.0352407570048,0.126954030176,-0.0251779495031,0.00183367958004,0.00156046157207,0.00153893005738,0.00135258983062,0.00130671107746,0.00168210311092,0.00117850412888,0.00117571692323,0.00111471618068,0.00120574893684,0.00107236408308,0.000991927654969
0.07004636755,0.067984642666,33.3395831907,33.2297858368,4.5224611515,4.57916658931,0.0325581867096,0.0324509627312,54.0475419772,54.8669523766,0.0501263466563,0.10083920119,0.260499726432,-45.1364443575,4.15188651468,-0.294826396528,1.44551433625,0.108996228324,-0.182122379302,0.522911880464,0.00104632622402,0.0818598804721,-0.0855985505692,-0.0352407570048,0.126954030176,-0.0251779495031,0.00183367958004,0.00156046157207,0.00153893005738,0.00135258983062,0.00130671107746,0.00168210311092,0.00117850412888,0.00117571692323,0.00111471618068,0.00120574893684,0.00107236408308,0.000991927654969
0.0687539913356,0.0667150391367,32.7290633379,32.6218206024,4.43823538298,4.49372216145,0.0319619759159,0.031857246682,52.9704127901,53.7747267949,0.058551985372,0.101323228088,0.275946795669,-44.2604551516,4.07335173904,-0.284882501476,1.42120710973,0.121872676079,-0.174059846516,0.510166220811,-0.00105910335787,0.08235151794,-0.0849390366461,-0.0356193278023,0.121005156259,-0.0261059637014,0.00179864528453,0.00152885972694,0.001506364743,0.00132282094113,0.00128785846926,0.00164614836465,0.00115384121393,0.00115596200883,0.00109351043183,0.00118300922715,0.00104424064268,0.00096238439189
